timestamp,symbol,type,price,size,bid,ask
1766188805903016629,AAPL,QUOTE,0.0,0,272.96,273.0
1766188805903274835,AAPL,TRADE,272.99,12,0.0,0.0
1766188805903335012,AAPL,TRADE,272.99,50,0.0,0.0
1766188805906988798,AAPL,TRADE,272.99,37,0.0,0.0
1766188805907378284,AAPL,TRADE,272.99,1,0.0,0.0
1766188813029428007,AAPL,TRADE,272.99,15,0.0,0.0
1766188836020813999,AAPL,QUOTE,0.0,0,272.96,273.0
1766188863170279151,AAPL,TRADE,272.99,33,0.0,0.0
1766188863170609813,AAPL,TRADE,272.99,1,0.0,0.0
1766188863171171964,AAPL,TRADE,272.99,36,0.0,0.0
1766188879085409026,AAPL,TRADE,272.99,1,0.0,0.0
1766188883072851463,AAPL,TRADE,272.961,1,0.0,0.0
1766188883284999338,AAPL,TRADE,272.99,12,0.0,0.0
1766188888931255350,AAPL,TRADE,272.99,1,0.0,0.0
1766188909093396841,AAPL,TRADE,272.99,9,0.0,0.0
1766188909093685311,AAPL,TRADE,272.99,41,0.0,0.0
1766188910562685928,AAPL,TRADE,272.99,20,0.0,0.0
1766188955543339112,AAPL,QUOTE,0.0,0,272.97,273.0
1766188957205553891,AAPL,TRADE,273.0,2,0.0,0.0
1766188961342175872,AAPL,TRADE,273.0,20,0.0,0.0
1766188961404607861,AAPL,TRADE,272.99,4,0.0,0.0
1766188964435054533,AAPL,TRADE,272.99,26,0.0,0.0
1766188964438315088,AAPL,TRADE,273.0,1,0.0,0.0
1766188964438318049,AAPL,TRADE,273.0,2,0.0,0.0
1766188964438318105,AAPL,TRADE,273.0,10,0.0,0.0
1766188964438318280,AAPL,TRADE,273.0,10,0.0,0.0
1766188964438321959,AAPL,TRADE,273.0,1,0.0,0.0
1766188965825118339,AAPL,TRADE,272.9995,30,0.0,0.0
1766188970485600828,AAPL,TRADE,272.9707,1,0.0,0.0
1766188973659665105,AAPL,TRADE,272.99,2,0.0,0.0
1766188976392954663,AAPL,TRADE,273.0,11,0.0,0.0
1766188993801076991,AAPL,TRADE,272.97,1,0.0,0.0
1766189002377551386,AAPL,TRADE,272.99,28,0.0,0.0
1766189002381753461,AAPL,TRADE,273.0,9,0.0,0.0
1766189002382798834,AAPL,TRADE,272.9999,9,0.0,0.0
1766189073121200337,AAPL,TRADE,273.0,1,0.0,0.0
1766189084396165979,AAPL,TRADE,272.97,36,0.0,0.0
1766189114751764201,AAPL,TRADE,272.97,3,0.0,0.0
1766189140071308067,AAPL,TRADE,272.9705,1,0.0,0.0
1766189149981974856,AAPL,TRADE,272.97,2,0.0,0.0
1766189160165405469,AAPL,TRADE,272.98,100,0.0,0.0
1766189161841435453,AAPL,TRADE,272.97,100,0.0,0.0
1766189161841437676,AAPL,QUOTE,0.0,0,272.96,273.0
1766189161841437775,AAPL,TRADE,272.97,1,0.0,0.0
1766189161841437831,AAPL,TRADE,272.97,3,0.0,0.0
1766189161841437950,AAPL,TRADE,272.97,1,0.0,0.0
1766189161841694312,AAPL,QUOTE,0.0,0,272.96,272.97
1766189162022909179,AAPL,TRADE,272.98,59,0.0,0.0
1766189162022910400,AAPL,TRADE,272.97,141,0.0,0.0
1766189181999673447,AAPL,TRADE,272.97,25,0.0,0.0
1766189183346037713,AAPL,TRADE,272.97,100,0.0,0.0
1766189183625599173,AAPL,QUOTE,0.0,0,272.96,273.0
1766189183625793794,AAPL,QUOTE,0.0,0,272.96,272.97
1766189192093648352,AAPL,TRADE,272.97,100,0.0,0.0
1766189192290537455,AAPL,TRADE,272.97,200,0.0,0.0
1766189192290540423,AAPL,QUOTE,0.0,0,272.96,272.97
1766189192290677209,AAPL,QUOTE,0.0,0,272.96,273.0
1766189192290835568,AAPL,TRADE,272.97,1218,0.0,0.0
1766189197254654872,AAPL,TRADE,273.0,13,0.0,0.0
1766189197255516002,AAPL,TRADE,272.9999,13,0.0,0.0
1766189197542758254,AAPL,QUOTE,0.0,0,272.97,273.0
1766189203669953404,AAPL,TRADE,272.97,2,0.0,0.0
1766189211328675355,AAPL,TRADE,272.99,1,0.0,0.0
1766189214542797030,AAPL,QUOTE,0.0,0,272.97,273.0
1766189215604880213,AAPL,TRADE,272.99,2,0.0,0.0
1766189218209504679,AAPL,TRADE,272.9992,1,0.0,0.0
1766189220819016727,AAPL,TRADE,272.99,25,0.0,0.0
1766189221593375931,AAPL,QUOTE,0.0,0,272.97,273.0
1766189239295242584,AAPL,TRADE,272.999,1,0.0,0.0
1766189247135497525,AAPL,TRADE,272.9748,5,0.0,0.0
1766189247213339814,AAPL,QUOTE,0.0,0,272.97,272.99
1766189250377263609,AAPL,TRADE,272.99,1,0.0,0.0
1766189256692081266,AAPL,QUOTE,0.0,0,272.97,273.0
1766189256692452344,AAPL,TRADE,272.98,100,0.0,0.0
1766189265845924277,AAPL,QUOTE,0.0,0,272.97,272.99
1766189275937329730,AAPL,TRADE,272.9705,1,0.0,0.0
1766189294811905475,AAPL,TRADE,272.98,7,0.0,0.0
1766189294812440554,AAPL,TRADE,272.9701,472,0.0,0.0
1766189297891751616,AAPL,TRADE,272.9754,15,0.0,0.0
1766189309023954999,AAPL,TRADE,272.99,3,0.0,0.0
1766189309023956383,AAPL,QUOTE,0.0,0,272.97,272.99
1766189321092746522,AAPL,TRADE,272.97,100,0.0,0.0
1766189331703855963,AAPL,TRADE,272.98,100,0.0,0.0
1766189331703857407,AAPL,QUOTE,0.0,0,272.98,272.99
1766189335310587927,AAPL,TRADE,272.9818,1,0.0,0.0
1766189336389247116,AAPL,TRADE,272.98,14,0.0,0.0
1766189359655519694,AAPL,TRADE,272.99,1,0.0,0.0
1766189359720177552,AAPL,TRADE,272.98,10,0.0,0.0
1766189359720180009,AAPL,QUOTE,0.0,0,272.97,272.99
1766189367870843284,AAPL,TRADE,272.99,1,0.0,0.0
1766189385022956842,AAPL,QUOTE,0.0,0,272.98,272.99
1766189401142260632,AAPL,TRADE,272.99,12,0.0,0.0
1766189402437897196,AAPL,TRADE,272.99,2,0.0,0.0
1766189412650523159,AAPL,TRADE,272.9899,5,0.0,0.0
1766189414038461791,AAPL,TRADE,272.99,5,0.0,0.0
1766189417846080350,AAPL,TRADE,272.99,1,0.0,0.0
1766189448786734282,AAPL,TRADE,272.99,100,0.0,0.0
1766189456589713426,AAPL,TRADE,272.99,20,0.0,0.0
1766189481972609843,AAPL,TRADE,272.9899,1,0.0,0.0
1766189485956177090,AAPL,TRADE,272.99,100,0.0,0.0
1766189485956184589,AAPL,QUOTE,0.0,0,272.98,272.99
1766189485956386806,AAPL,TRADE,272.99,1,0.0,0.0
1766189485956839738,AAPL,QUOTE,0.0,0,272.99,272.99
1766189486816336513,AAPL,TRADE,272.99,1,0.0,0.0
1766189489273561431,AAPL,QUOTE,0.0,0,272.99,272.99
1766189491688859405,AAPL,QUOTE,0.0,0,272.99,273.0
1766189491689096812,AAPL,TRADE,272.9903,10,0.0,0.0
1766189491689114962,AAPL,TRADE,272.9901,184,0.0,0.0
1766189494379514776,AAPL,TRADE,273.0,50,0.0,0.0
1766189494380032642,AAPL,TRADE,273.0,10,0.0,0.0
1766189494380034741,AAPL,TRADE,273.0,93,0.0,0.0
1766189494380034785,AAPL,TRADE,273.0,13,0.0,0.0
1766189494380036080,AAPL,TRADE,273.0,200,0.0,0.0
1766189496332517786,AAPL,TRADE,272.9999,1,0.0,0.0
1766189498248777905,AAPL,QUOTE,0.0,0,272.99,273.0
1766189498248778488,AAPL,TRADE,273.0,801,0.0,0.0
1766189498248778895,AAPL,QUOTE,0.0,0,272.99,273.0
1766189498248779691,AAPL,TRADE,273.0,91,0.0,0.0
1766189498249073763,AAPL,TRADE,273.0,22,0.0,0.0
1766189498249111272,AAPL,TRADE,273.0,50,0.0,0.0
1766189498249111337,AAPL,TRADE,273.0,45,0.0,0.0
1766189498249111453,AAPL,TRADE,273.0,10,0.0,0.0
1766189498249120860,AAPL,QUOTE,0.0,0,272.99,273.0
1766189498249124044,AAPL,TRADE,272.99,3,0.0,0.0
1766189498249204797,AAPL,TRADE,273.0,10,0.0,0.0
1766189498249208571,AAPL,TRADE,273.0,1,0.0,0.0
1766189498249215953,AAPL,TRADE,273.0,11,0.0,0.0
1766189498249263948,AAPL,TRADE,273.0,4,0.0,0.0
1766189498250145915,AAPL,QUOTE,0.0,0,272.99,273.0
1766189501351547503,AAPL,QUOTE,0.0,0,272.99,273.0
1766189510383368734,AAPL,TRADE,272.9997,1,0.0,0.0
1766189512546390611,AAPL,QUOTE,0.0,0,272.99,273.0
1766189512546390716,AAPL,TRADE,273.0,2,0.0,0.0
1766189512546392391,AAPL,TRADE,273.0,5,0.0,0.0
1766189512546393876,AAPL,TRADE,273.0,10,0.0,0.0
1766189512546573324,AAPL,TRADE,273.0,3,0.0,0.0
1766189512547757964,AAPL,QUOTE,0.0,0,272.99,273.0
1766189520343684285,AAPL,TRADE,273.0,10,0.0,0.0
1766189528438507208,AAPL,TRADE,272.99,1,0.0,0.0
1766189534618650595,AAPL,TRADE,273.0,10,0.0,0.0
1766189537710522152,AAPL,TRADE,273.0,50,0.0,0.0
1766189537711533689,AAPL,TRADE,272.9999,50,0.0,0.0
1766189539633786504,AAPL,TRADE,272.9997,7,0.0,0.0
1766189540181959866,AAPL,TRADE,272.99,50,0.0,0.0
1766189542121468098,AAPL,TRADE,273.0,20,0.0,0.0
1766189542121469464,AAPL,TRADE,273.0,209,0.0,0.0
1766189555332380288,AAPL,TRADE,272.9918,1,0.0,0.0
1766189572725677338,AAPL,TRADE,272.99,13,0.0,0.0
1766189576258223860,AAPL,TRADE,273.0,11,0.0,0.0
1766189579147879605,AAPL,TRADE,272.9916,2,0.0,0.0
1766189589095318165,AAPL,TRADE,272.9998,1,0.0,0.0
1766189606343239073,AAPL,TRADE,272.9999,15,0.0,0.0
1766189615857232021,AAPL,TRADE,273.0,1,0.0,0.0
1766189658392579012,AAPL,TRADE,272.99,10,0.0,0.0
1766189658392579629,AAPL,QUOTE,0.0,0,272.98,273.0
1766189658392589870,AAPL,QUOTE,0.0,0,272.99,273.0
1766189661702755527,AAPL,TRADE,272.99,100,0.0,0.0
1766189681462247766,AAPL,QUOTE,0.0,0,272.99,273.0
1766189692199612071,AAPL,TRADE,272.99,20,0.0,0.0
1766189706055463073,AAPL,TRADE,272.9918,3,0.0,0.0
1766189708069631645,AAPL,TRADE,273.0,200,0.0,0.0
1766189718630291171,AAPL,TRADE,272.99,10,0.0,0.0
1766189723275509234,AAPL,TRADE,273.0,2,0.0,0.0
1766189732275158093,AAPL,QUOTE,0.0,0,272.98,273.0
1766189732275158365,AAPL,TRADE,272.99,90,0.0,0.0
1766189732275159868,AAPL,TRADE,272.99,10,0.0,0.0
1766189732275169352,AAPL,QUOTE,0.0,0,272.99,273.0
1766189733950169423,AAPL,TRADE,273.0,3,0.0,0.0
1766189743831171420,AAPL,TRADE,273.0,25,0.0,0.0
1766189750400785568,AAPL,QUOTE,0.0,0,272.99,273.0
1766189750511675770,AAPL,TRADE,272.9912,100,0.0,0.0
1766189765704875948,AAPL,TRADE,272.9922,3,0.0,0.0
1766189791676351842,AAPL,TRADE,272.99,5,0.0,0.0
1766189818482459050,AAPL,TRADE,272.9916,2,0.0,0.0
1766189832611838053,AAPL,TRADE,272.99,100,0.0,0.0
1766189834840641661,AAPL,TRADE,272.9917,1,0.0,0.0
1766189838791584673,AAPL,TRADE,272.9917,74,0.0,0.0
1766189859868121165,AAPL,TRADE,272.9988,1,0.0,0.0
1766189864805777516,AAPL,TRADE,272.99,1,0.0,0.0
1766189869015757268,AAPL,TRADE,273.0,10,0.0,0.0
1766189871040188931,AAPL,TRADE,272.9902,1,0.0,0.0
1766189873192907082,AAPL,TRADE,272.99,55,0.0,0.0
1766189892086589843,AAPL,TRADE,272.9902,1,0.0,0.0
1766189902353260202,AAPL,TRADE,272.9903,1,0.0,0.0
1766189936411693969,AAPL,TRADE,272.99,30,0.0,0.0
1766189941582763451,AAPL,TRADE,273.0,4,0.0,0.0
1766189956647761564,AAPL,TRADE,273.0,3,0.0,0.0
1766189961564120636,AAPL,TRADE,272.9934,10,0.0,0.0
1766189979544214194,AAPL,TRADE,272.9997,4,0.0,0.0
1766189980280857192,AAPL,TRADE,272.9934,10,0.0,0.0
1766189987225257608,AAPL,QUOTE,0.0,0,272.99,273.0
1766189987225258190,AAPL,TRADE,273.0,80,0.0,0.0
1766189987225287469,AAPL,TRADE,272.99,1,0.0,0.0
1766189987225568456,AAPL,TRADE,273.0,10,0.0,0.0
1766189987225572876,AAPL,TRADE,273.0,65,0.0,0.0
1766189987225575035,AAPL,QUOTE,0.0,0,272.99,273.0
1766189987226234415,AAPL,QUOTE,0.0,0,272.99,273.2
1766189987226645822,AAPL,QUOTE,0.0,0,272.99,273.0
1766190012771986764,AAPL,QUOTE,0.0,0,272.99,273.0
1766190012771987082,AAPL,TRADE,273.0,30,0.0,0.0
1766190012772936499,AAPL,QUOTE,0.0,0,272.99,273.2
1766190012773336237,AAPL,QUOTE,0.0,0,272.99,273.0
1766190013434807066,AAPL,QUOTE,0.0,0,272.99,273.0
1766190013434807502,AAPL,TRADE,273.0,13,0.0,0.0
1766190013435731685,AAPL,QUOTE,0.0,0,272.99,273.2
1766190013436137264,AAPL,QUOTE,0.0,0,272.99,273.0
1766190013436152235,AAPL,QUOTE,0.0,0,272.99,273.0
1766190013436152757,AAPL,TRADE,273.0,25,0.0,0.0
1766190013436420862,AAPL,TRADE,273.0,1,0.0,0.0
1766190013436423337,AAPL,TRADE,273.0,24,0.0,0.0
1766190013467718324,AAPL,QUOTE,0.0,0,272.99,273.2
1766190013468122811,AAPL,QUOTE,0.0,0,272.99,273.0
1766190022083363335,AAPL,TRADE,273.0,1,0.0,0.0
1766190029285167026,AAPL,TRADE,272.9934,10,0.0,0.0
1766190033582393339,AAPL,TRADE,272.9998,5,0.0,0.0
1766190038448968751,AAPL,QUOTE,0.0,0,272.99,273.0
1766190038448969608,AAPL,TRADE,273.0,19,0.0,0.0
1766190038449921338,AAPL,QUOTE,0.0,0,272.99,273.2
1766190038450327083,AAPL,QUOTE,0.0,0,272.99,273.0
1766190063780568503,AAPL,TRADE,272.9998,10,0.0,0.0
1766190066909680411,AAPL,TRADE,272.9997,1,0.0,0.0
1766190127515346731,AAPL,TRADE,272.99,3,0.0,0.0
1766190145293408762,AAPL,TRADE,272.9903,1,0.0,0.0
1766190147783529878,AAPL,TRADE,272.9997,10,0.0,0.0
1766190154812254349,AAPL,TRADE,273.0,1,0.0,0.0
1766190166062954862,AAPL,TRADE,272.9934,10,0.0,0.0
1766190184366425425,AAPL,TRADE,273.0,2,0.0,0.0
1766190198757258809,AAPL,TRADE,273.0,1,0.0,0.0
1766190198757263113,AAPL,TRADE,273.0,9,0.0,0.0
1766190213027203202,AAPL,TRADE,272.9924,4,0.0,0.0
1766190218560627405,AAPL,TRADE,273.0,1,0.0,0.0
1766190257022560223,AAPL,TRADE,272.9999,100,0.0,0.0
1766190259066235368,AAPL,TRADE,273.0,1,0.0,0.0
1766190262111314827,AAPL,TRADE,272.9998,30,0.0,0.0
1766190267988728392,AAPL,QUOTE,0.0,0,272.99,273.0
1766190267988729204,AAPL,TRADE,273.0,5,0.0,0.0
1766190267989694699,AAPL,QUOTE,0.0,0,272.99,273.2
1766190267990104248,AAPL,QUOTE,0.0,0,272.99,273.0
1766190287950400818,AAPL,TRADE,273.0,16,0.0,0.0
1766190296040329843,AAPL,TRADE,272.9999,180,0.0,0.0
1766190325494016426,AAPL,TRADE,272.99,2,0.0,0.0
1766190329564704614,AAPL,TRADE,272.9927,5,0.0,0.0
1766190330377309487,AAPL,TRADE,273.0,10,0.0,0.0
1766190330378503168,AAPL,TRADE,272.9999,10,0.0,0.0
1766190345385455104,AAPL,TRADE,272.99,250,0.0,0.0
1766190345981751807,AAPL,TRADE,272.9997,1,0.0,0.0
1766190372413108071,AAPL,TRADE,272.99,1,0.0,0.0
1766190373891504298,AAPL,TRADE,272.99,20,0.0,0.0
1766190382513270342,AAPL,TRADE,272.99,1,0.0,0.0
1766190405299260176,AAPL,TRADE,273.0,90,0.0,0.0
1766190405300549205,AAPL,TRADE,272.9999,90,0.0,0.0
1766190448487009115,AAPL,TRADE,272.9998,1,0.0,0.0
1766190458910897005,AAPL,TRADE,273.0,1,0.0,0.0
1766190461565055298,AAPL,TRADE,273.0,1,0.0,0.0
1766190461566340901,AAPL,TRADE,272.9999,1,0.0,0.0
1766190462377017168,AAPL,TRADE,273.0,2,0.0,0.0
1766190483251656730,AAPL,TRADE,272.9916,100,0.0,0.0
1766190483770701819,AAPL,TRADE,273.0,1,0.0,0.0
1766190495552227971,AAPL,TRADE,273.0,4,0.0,0.0
1766190507688304407,AAPL,TRADE,272.99,2,0.0,0.0
1766190509724104274,AAPL,TRADE,273.0,1,0.0,0.0
1766190510103486477,AAPL,TRADE,272.9902,1,0.0,0.0
1766190525715417893,AAPL,TRADE,273.0,3,0.0,0.0
1766190532343971122,AAPL,TRADE,273.0,5,0.0,0.0
1766190550530585723,AAPL,TRADE,272.99,25,0.0,0.0
1766190587755643812,AAPL,TRADE,273.0,10,0.0,0.0
1766190599141491732,AAPL,QUOTE,0.0,0,272.99,273.0
1766190599141492303,AAPL,TRADE,273.0,20,0.0,0.0
1766190599142449545,AAPL,QUOTE,0.0,0,272.99,273.2
1766190599142848106,AAPL,QUOTE,0.0,0,272.99,273.0
1766190612394924263,AAPL,QUOTE,0.0,0,272.99,273.0
1766190634736667090,AAPL,QUOTE,0.0,0,272.99,273.0
1766190651007750411,AAPL,TRADE,273.0,1,0.0,0.0
1766190669306579998,AAPL,TRADE,272.9999,300,0.0,0.0
1766190675953398113,AAPL,TRADE,272.9917,1,0.0,0.0
1766190682149646007,AAPL,TRADE,272.99,500,0.0,0.0
1766190689625719998,AAPL,TRADE,272.9917,1,0.0,0.0
1766190689669764461,AAPL,TRADE,272.9999,1,0.0,0.0
1766190699239613963,AAPL,TRADE,273.0,1,0.0,0.0
1766190704356296870,AAPL,TRADE,272.9903,8,0.0,0.0
1766190709547333788,AAPL,TRADE,272.9924,4,0.0,0.0
1766190731793767192,AAPL,TRADE,272.9926,5,0.0,0.0
1766190738542090542,AAPL,TRADE,272.9916,20,0.0,0.0
1766190739658781022,AAPL,TRADE,273.0,100,0.0,0.0
1766190740042952751,AAPL,TRADE,272.9999,10,0.0,0.0
1766190750890780273,AAPL,TRADE,272.9997,2,0.0,0.0
1766190752374305979,AAPL,TRADE,273.0,3,0.0,0.0
1766190753498879501,AAPL,TRADE,273.0,2,0.0,0.0
1766190757633864195,AAPL,TRADE,273.0,3,0.0,0.0
1766190757909156707,AAPL,TRADE,272.9999,1,0.0,0.0
1766190766863404617,AAPL,TRADE,272.99,5,0.0,0.0
1766190779127779115,AAPL,TRADE,273.0,10,0.0,0.0
1766190802394856548,AAPL,QUOTE,0.0,0,272.97,273.0
1766190802394857328,AAPL,TRADE,272.99,90,0.0,0.0
1766190802394858801,AAPL,TRADE,272.99,10,0.0,0.0
1766190812106714590,AAPL,TRADE,272.99,55,0.0,0.0
1766190812106715947,AAPL,TRADE,272.99,2,0.0,0.0
1766190812106717356,AAPL,TRADE,272.99,2,0.0,0.0
1766190877645502830,AAPL,TRADE,273.0,1,0.0,0.0
1766190906146818919,AAPL,TRADE,272.99,1,0.0,0.0
1766190912517080143,AAPL,TRADE,272.97,2,0.0,0.0
1766190930494049329,AAPL,TRADE,273.0,11,0.0,0.0
1766190930494053357,AAPL,TRADE,273.0,2,0.0,0.0
1766190930494053409,AAPL,TRADE,273.0,8,0.0,0.0
1766190930494053639,AAPL,TRADE,273.0,212,0.0,0.0
1766190930495375241,AAPL,TRADE,273.0,100,0.0,0.0
1766190937462567580,AAPL,TRADE,273.0,100,0.0,0.0
1766190944841880345,AAPL,TRADE,272.99,1,0.0,0.0
1766190944841885283,AAPL,TRADE,272.99,3,0.0,0.0
1766190944842214198,AAPL,TRADE,272.99,2,0.0,0.0
1766190944842214341,AAPL,TRADE,272.99,2,0.0,0.0
1766190944842407498,AAPL,TRADE,272.98,92,0.0,0.0
1766190946649257938,AAPL,TRADE,272.98,15,0.0,0.0
1766190964522491895,AAPL,TRADE,272.9992,1,0.0,0.0
1766190971049413176,AAPL,TRADE,273.0,6,0.0,0.0
1766190973015859897,AAPL,TRADE,272.9994,20,0.0,0.0
1766190988833518366,AAPL,TRADE,272.99,10,0.0,0.0
1766191008358316595,AAPL,TRADE,272.99,6,0.0,0.0
1766191011390401477,AAPL,TRADE,272.98,25,0.0,0.0
1766191019551566353,AAPL,TRADE,272.99,8,0.0,0.0
1766191025870871415,AAPL,TRADE,272.99,49,0.0,0.0
1766191025870871476,AAPL,QUOTE,0.0,0,272.97,273.05
1766191025870874336,AAPL,TRADE,273.0,163,0.0,0.0
1766191025870960088,AAPL,TRADE,273.0,2,0.0,0.0
1766191025870963102,AAPL,TRADE,273.0,26,0.0,0.0
1766191025870966999,AAPL,TRADE,273.0,1,0.0,0.0
1766191025870970190,AAPL,TRADE,273.0,6,0.0,0.0
1766191025870980027,AAPL,TRADE,273.0,1,0.0,0.0
1766191025870994878,AAPL,TRADE,273.0,2,0.0,0.0
1766191025871266172,AAPL,TRADE,273.0,40,0.0,0.0
1766191025871267922,AAPL,QUOTE,0.0,0,272.97,273.15
1766191025871311987,AAPL,TRADE,273.0,110,0.0,0.0
1766191025872253839,AAPL,QUOTE,0.0,0,272.97,273.0
1766191029189341994,AAPL,QUOTE,0.0,0,272.99,273.0
1766191032114584106,AAPL,QUOTE,0.0,0,272.99,273.0
1766191048838637412,AAPL,TRADE,273.0,1,0.0,0.0
1766191057303863686,AAPL,TRADE,272.99,2,0.0,0.0
1766191058049497818,AAPL,TRADE,272.9998,1,0.0,0.0
1766191061053266130,AAPL,TRADE,272.9999,400,0.0,0.0
1766191068386318332,AAPL,TRADE,273.0,6,0.0,0.0
1766191083119987433,AAPL,TRADE,272.99,4,0.0,0.0
1766191083747491631,AAPL,QUOTE,0.0,0,272.99,273.0
1766191083747492370,AAPL,TRADE,273.0,1,0.0,0.0
1766191083747493815,AAPL,TRADE,273.0,1,0.0,0.0
1766191083747495908,AAPL,TRADE,273.0,2,0.0,0.0
1766191083748455362,AAPL,QUOTE,0.0,0,272.99,273.0
1766191083748865909,AAPL,QUOTE,0.0,0,272.99,273.0
1766191085945996911,AAPL,TRADE,272.9932,10,0.0,0.0
1766191091338739914,AAPL,QUOTE,0.0,0,272.97,273.0
1766191091344993808,AAPL,TRADE,273.0,100,0.0,0.0
1766191096872546372,AAPL,TRADE,273.0,4,0.0,0.0
1766191099252454064,AAPL,QUOTE,0.0,0,272.97,273.0
1766191099252454599,AAPL,TRADE,273.0,100,0.0,0.0
1766191099252455865,AAPL,TRADE,273.0,100,0.0,0.0
1766191099252501634,AAPL,TRADE,273.0,200,0.0,0.0
1766191099252502243,AAPL,QUOTE,0.0,0,272.97,273.0
1766191099252739373,AAPL,QUOTE,0.0,0,272.97,273.0
1766191107222998354,AAPL,TRADE,272.9997,400,0.0,0.0
1766191118341867670,AAPL,QUOTE,0.0,0,272.97,273.0
1766191129262835158,AAPL,TRADE,273.0,400,0.0,0.0
1766191133896780328,AAPL,TRADE,273.0,1,0.0,0.0
1766191149996362585,AAPL,TRADE,273.0,1,0.0,0.0
1766191159997246562,AAPL,TRADE,273.0,1,0.0,0.0
1766191166922894848,AAPL,TRADE,273.0,2,0.0,0.0
1766191176838829960,AAPL,TRADE,273.0,1,0.0,0.0
1766191178534736391,AAPL,TRADE,273.0,16,0.0,0.0
1766191178764378216,AAPL,TRADE,272.9952,1,0.0,0.0
1766191201497264717,AAPL,TRADE,272.99,5,0.0,0.0
1766191225892168463,AAPL,TRADE,273.0,100,0.0,0.0
1766191235147842092,AAPL,TRADE,272.9992,1,0.0,0.0
1766191238906829155,AAPL,TRADE,273.0,1,0.0,0.0
1766191238907804273,AAPL,QUOTE,0.0,0,272.97,273.0
1766191238908218701,AAPL,QUOTE,0.0,0,272.97,273.0
1766191240616872654,AAPL,TRADE,272.99,5,0.0,0.0
1766191253279945376,AAPL,TRADE,272.9992,1,0.0,0.0
1766191280729729339,AAPL,TRADE,272.99,1,0.0,0.0
1766191280729730741,AAPL,TRADE,272.99,1,0.0,0.0
1766191281100860799,AAPL,QUOTE,0.0,0,272.97,273.0
1766191281100861211,AAPL,TRADE,272.99,3,0.0,0.0
1766191281100862551,AAPL,TRADE,273.0,7,0.0,0.0
1766191318680758474,AAPL,TRADE,273.0,10,0.0,0.0
1766191325201503257,AAPL,TRADE,273.0,2,0.0,0.0
1766191325201505407,AAPL,QUOTE,0.0,0,272.97,273.0
1766191325201823585,AAPL,TRADE,273.0,8,0.0,0.0
1766191325202869826,AAPL,TRADE,272.9999,2,0.0,0.0
1766191325203240149,AAPL,TRADE,272.9999,8,0.0,0.0
1766191343358403653,AAPL,TRADE,272.97,4,0.0,0.0
1766191355730223655,AAPL,TRADE,272.9999,5,0.0,0.0
1766191355730288465,AAPL,TRADE,273.0,5,0.0,0.0
1766191362082368208,AAPL,QUOTE,0.0,0,272.97,273.0
1766191362082368790,AAPL,TRADE,273.0,88,0.0,0.0
1766191362082370248,AAPL,TRADE,273.0,12,0.0,0.0
1766191362083762036,AAPL,QUOTE,0.0,0,272.97,273.0
1766191368230787211,AAPL,TRADE,272.98,1,0.0,0.0
1766191374757053936,AAPL,QUOTE,0.0,0,272.97,273.0
1766191375348789819,AAPL,TRADE,272.9992,1,0.0,0.0
1766191396988999027,AAPL,TRADE,272.97,25,0.0,0.0
1766191398385787340,AAPL,QUOTE,0.0,0,272.97,273.0
1766191398387041595,AAPL,QUOTE,0.0,0,272.98,273.0
1766191400205329242,AAPL,QUOTE,0.0,0,272.98,273.0
1766191400207109018,AAPL,TRADE,272.9843,10,0.0,0.0
1766191405150088850,AAPL,QUOTE,0.0,0,272.98,273.0
1766191405151321042,AAPL,QUOTE,0.0,0,272.99,273.0
1766191408444399309,AAPL,QUOTE,0.0,0,272.99,273.0
1766191408444400461,AAPL,TRADE,272.99,25,0.0,0.0
1766191408627514633,AAPL,QUOTE,0.0,0,272.99,273.0
1766191412790061789,AAPL,QUOTE,0.0,0,272.99,273.0
1766191412799448760,AAPL,QUOTE,0.0,0,272.99,273.0
1766191412799450392,AAPL,TRADE,273.0,200,0.0,0.0
1766191412799520621,AAPL,TRADE,273.0,198,0.0,0.0
1766191412799521249,AAPL,QUOTE,0.0,0,272.99,273.2
1766191412799775317,AAPL,QUOTE,0.0,0,272.99,273.0
1766191412799863937,AAPL,TRADE,273.0,77,0.0,0.0
1766191426349352566,AAPL,TRADE,273.0,2,0.0,0.0
1766191434264039950,AAPL,QUOTE,0.0,0,272.98,273.0
1766191434264040635,AAPL,TRADE,272.99,100,0.0,0.0
1766191434265496951,AAPL,QUOTE,0.0,0,272.98,272.99
1766191434266438698,AAPL,QUOTE,0.0,0,272.98,272.99
1766191434266439460,AAPL,TRADE,272.99,2,0.0,0.0
1766191434268405456,AAPL,TRADE,272.99,1,0.0,0.0
1766191450191352287,AAPL,QUOTE,0.0,0,272.97,272.99
1766191450644528964,AAPL,TRADE,272.99,50,0.0,0.0
1766191453533626382,AAPL,QUOTE,0.0,0,272.97,273.0
1766191461547607233,AAPL,TRADE,272.9701,25,0.0,0.0
1766191471942071962,AAPL,QUOTE,0.0,0,272.97,273.0
1766191475192644544,AAPL,QUOTE,0.0,0,272.97,273.0
1766191479980952561,AAPL,TRADE,272.98,1,0.0,0.0
1766191479980953812,AAPL,TRADE,272.98,1,0.0,0.0
1766191490809803997,AAPL,TRADE,272.9715,148,0.0,0.0
1766191491193038113,AAPL,QUOTE,0.0,0,272.97,273.0
1766191519133346486,AAPL,TRADE,272.97,5,0.0,0.0
1766191521227737302,AAPL,TRADE,273.0,2,0.0,0.0
1766191521228732684,AAPL,TRADE,272.9999,2,0.0,0.0
1766191532381689249,AAPL,TRADE,272.98,1,0.0,0.0
1766191532381698927,AAPL,TRADE,272.98,1,0.0,0.0
1766191566836143990,AAPL,TRADE,272.985,1,0.0,0.0
1766191581811736802,AAPL,TRADE,273.0,10,0.0,0.0
1766191586843171015,AAPL,TRADE,272.985,3,0.0,0.0
1766191586845198729,AAPL,TRADE,272.99,47,0.0,0.0
1766191603772688211,AAPL,TRADE,272.9739,200,0.0,0.0
1766191616283082691,AAPL,TRADE,272.9739,200,0.0,0.0
1766191618299417813,AAPL,TRADE,272.97,3,0.0,0.0
1766191629928425901,AAPL,TRADE,272.97,40,0.0,0.0
1766191635263413450,AAPL,TRADE,272.98,5,0.0,0.0
1766191635340581102,AAPL,TRADE,273.0,1,0.0,0.0
1766191637582234116,AAPL,TRADE,273.0,1,0.0,0.0
1766191684333875764,AAPL,TRADE,272.99,2,0.0,0.0
1766191692317925458,AAPL,TRADE,272.97,1,0.0,0.0
1766191697076952614,AAPL,TRADE,273.0,8,0.0,0.0
1766191700337324832,AAPL,TRADE,272.9992,1,0.0,0.0
1766191700756498255,AAPL,TRADE,272.98,1,0.0,0.0
1766191733690286735,AAPL,TRADE,272.98,3,0.0,0.0
1766191742611953875,AAPL,TRADE,272.97,2,0.0,0.0
1766191742611958220,AAPL,QUOTE,0.0,0,272.96,273.0
1766191746424082537,AAPL,QUOTE,0.0,0,272.96,273.0
1766191746424082593,AAPL,TRADE,273.0,26,0.0,0.0
1766191746795013557,AAPL,TRADE,272.98,1,0.0,0.0
1766191756810323907,AAPL,TRADE,272.98,11,0.0,0.0
1766191756810334562,AAPL,TRADE,272.98,50,0.0,0.0
1766191767870476225,AAPL,TRADE,272.97,2,0.0,0.0
1766191773003275616,AAPL,TRADE,273.0,5,0.0,0.0
1766191794954499693,AAPL,TRADE,272.98,2,0.0,0.0
1766191797652806432,AAPL,TRADE,272.98,3,0.0,0.0
1766191801042583495,AAPL,TRADE,272.98,25,0.0,0.0
1766191801830025156,AAPL,QUOTE,0.0,0,272.96,273.0
1766191811952915325,AAPL,TRADE,272.96,500,0.0,0.0
1766191812386290935,AAPL,TRADE,272.97,10,0.0,0.0
1766191812386781621,AAPL,TRADE,272.97,8,0.0,0.0
1766191824078837927,AAPL,TRADE,272.97,1,0.0,0.0
1766191844261599340,AAPL,TRADE,272.98,4,0.0,0.0
1766191844261648902,AAPL,TRADE,272.98,2,0.0,0.0
1766191850344220213,AAPL,TRADE,273.0,10,0.0,0.0
1766191861789313011,AAPL,TRADE,272.9664,10,0.0,0.0
1766191870097273271,AAPL,TRADE,272.9704,10,0.0,0.0
1766191871973298348,AAPL,TRADE,272.97,2,0.0,0.0
1766191871973299543,AAPL,TRADE,272.97,13,0.0,0.0
1766191886416204507,AAPL,TRADE,272.98,6,0.0,0.0
1766191890041168366,AAPL,TRADE,273.0,200,0.0,0.0
1766191891717317847,AAPL,TRADE,272.9664,11,0.0,0.0
1766191902488192937,AAPL,TRADE,272.9936,18,0.0,0.0
1766191903860112352,AAPL,TRADE,272.97,1,0.0,0.0
1766191914999671758,AAPL,TRADE,272.99,2,0.0,0.0
1766191915001836159,AAPL,TRADE,273.0,198,0.0,0.0
1766191920394724048,AAPL,TRADE,272.98,9,0.0,0.0
1766191920394725468,AAPL,TRADE,272.98,7,0.0,0.0
1766191920394726760,AAPL,TRADE,272.97,10,0.0,0.0
1766191946558478585,AAPL,TRADE,272.97,49,0.0,0.0
1766191946558707293,AAPL,TRADE,272.97,1,0.0,0.0
1766191946558883503,AAPL,TRADE,272.97,49,0.0,0.0
1766191955964519779,AAPL,QUOTE,0.0,0,272.97,273.0
1766191984812860336,AAPL,TRADE,273.0,5,0.0,0.0
1766191994495494351,AAPL,TRADE,273.0,37,0.0,0.0
1766191996116507780,AAPL,TRADE,272.99,10,0.0,0.0
1766192003512026675,AAPL,TRADE,272.9952,1,0.0,0.0
1766192011479483547,AAPL,TRADE,273.0,1,0.0,0.0
1766192011479486056,AAPL,TRADE,273.0,29,0.0,0.0
1766192011480471094,AAPL,QUOTE,0.0,0,272.97,273.0
1766192031556284832,AAPL,TRADE,272.98,20,0.0,0.0
1766192032604972289,AAPL,TRADE,272.99,7,0.0,0.0
1766192039437878941,AAPL,TRADE,272.99,3,0.0,0.0
1766192045544483309,AAPL,TRADE,272.98,5,0.0,0.0
1766192054673944566,AAPL,TRADE,272.98,5,0.0,0.0
1766192056195107719,AAPL,TRADE,272.99,1,0.0,0.0
1766192056195108947,AAPL,TRADE,273.0,1,0.0,0.0
1766192056195110231,AAPL,TRADE,273.0,8,0.0,0.0
1766192056858246062,AAPL,TRADE,272.99,3,0.0,0.0
1766192066485770810,AAPL,TRADE,272.99,1,0.0,0.0
1766192082449764024,AAPL,TRADE,272.99,2,0.0,0.0
1766192101697273701,AAPL,QUOTE,0.0,0,272.97,273.0
1766192103131749073,AAPL,QUOTE,0.0,0,272.97,273.0
1766192109939442929,AAPL,TRADE,272.99,1,0.0,0.0
1766192116264348319,AAPL,TRADE,273.0,12,0.0,0.0
1766192116264349623,AAPL,TRADE,273.0,338,0.0,0.0
1766192116264350406,AAPL,QUOTE,0.0,0,272.97,273.0
1766192121981252417,AAPL,TRADE,272.98,65,0.0,0.0
1766192121981346476,AAPL,TRADE,272.97,100,0.0,0.0
1766192121981347168,AAPL,QUOTE,0.0,0,272.96,273.0
1766192140626040573,AAPL,TRADE,272.97,5,0.0,0.0
1766192150576349173,AAPL,TRADE,273.0,15,0.0,0.0
1766192150578090519,AAPL,TRADE,273.0,25,0.0,0.0
1766192150578455972,AAPL,TRADE,272.99,25,0.0,0.0
1766192150579026486,AAPL,TRADE,273.0,15,0.0,0.0
1766192150579182516,AAPL,TRADE,273.0,8,0.0,0.0
1766192150693728393,AAPL,QUOTE,0.0,0,272.96,272.99
1766192150710975387,AAPL,TRADE,272.9892,1,0.0,0.0
1766192151310354682,AAPL,TRADE,272.99,125,0.0,0.0
1766192161071040166,AAPL,QUOTE,0.0,0,272.96,273.0
1766192161071040806,AAPL,TRADE,272.99,7,0.0,0.0
1766192161073044707,AAPL,TRADE,272.99,4,0.0,0.0
1766192174661168982,AAPL,TRADE,272.96,100,0.0,0.0
1766192175681165334,AAPL,TRADE,272.9704,10,0.0,0.0
1766192184267973188,AAPL,TRADE,272.96,1,0.0,0.0
1766192195346758962,AAPL,TRADE,272.99,6,0.0,0.0
1766192203999488476,AAPL,TRADE,272.99,1,0.0,0.0
1766192211717414470,AAPL,TRADE,272.99,2,0.0,0.0
1766192214343295090,AAPL,TRADE,272.99,1,0.0,0.0
1766192214344051866,AAPL,TRADE,272.99,80,0.0,0.0
1766192218271974036,AAPL,TRADE,272.9988,1,0.0,0.0
1766192222040893216,AAPL,TRADE,272.99,1,0.0,0.0
1766192229489194864,AAPL,TRADE,272.99,20,0.0,0.0
1766192233039685854,AAPL,TRADE,273.0,200,0.0,0.0
1766192236767052467,AAPL,TRADE,273.0,100,0.0,0.0
1766192237311463975,AAPL,QUOTE,0.0,0,272.97,273.0
1766192240650952145,AAPL,TRADE,272.9992,1,0.0,0.0
1766192244482979553,AAPL,TRADE,272.98,1,0.0,0.0
1766192259525290971,AAPL,TRADE,272.98,7,0.0,0.0
1766192274693138109,AAPL,TRADE,272.98,1,0.0,0.0
1766192274913652263,AAPL,TRADE,272.9952,100,0.0,0.0
1766192279212967794,AAPL,TRADE,272.9711,1,0.0,0.0
1766192291960819497,AAPL,TRADE,272.97,4,0.0,0.0
1766192296773729803,AAPL,TRADE,273.0,5,0.0,0.0
1766192297364644411,AAPL,TRADE,273.0,100,0.0,0.0
1766192306690052539,AAPL,TRADE,272.9952,255,0.0,0.0
1766192308517295770,AAPL,TRADE,272.99,1,0.0,0.0
1766192311895095323,AAPL,TRADE,272.9707,1,0.0,0.0
1766192314031449037,AAPL,TRADE,272.99,50,0.0,0.0
1766192315319595471,AAPL,QUOTE,0.0,0,272.98,273.0
1766192315319683132,AAPL,TRADE,272.99,41,0.0,0.0
1766192315338394487,AAPL,TRADE,272.9805,1,0.0,0.0
1766192315501357770,AAPL,TRADE,272.99,1,0.0,0.0
1766192319641005281,AAPL,QUOTE,0.0,0,272.97,273.0
1766192319642146312,AAPL,TRADE,273.0,100,0.0,0.0
1766192319642147353,AAPL,QUOTE,0.0,0,272.97,273.0
1766192319643531373,AAPL,QUOTE,0.0,0,272.97,273.0
1766192326146987384,AAPL,TRADE,272.976,5,0.0,0.0
1766192338500324502,AAPL,TRADE,272.98,1,0.0,0.0
1766192347954593047,AAPL,TRADE,272.98,10,0.0,0.0
1766192348700385457,AAPL,TRADE,273.0,200,0.0,0.0
1766192348700385687,AAPL,QUOTE,0.0,0,272.97,273.0
1766192348700386711,AAPL,TRADE,273.0,20,0.0,0.0
1766192348700386856,AAPL,QUOTE,0.0,0,273.01,273.0
1766192348700948177,AAPL,QUOTE,0.0,0,273.01,273.0
1766192348700948801,AAPL,TRADE,273.02,100,0.0,0.0
1766192348700949932,AAPL,TRADE,273.01,403,0.0,0.0
1766192348701103184,AAPL,QUOTE,0.0,0,273.01,273.2
1766192348701171132,AAPL,TRADE,273.01,5,0.0,0.0
1766192348701188064,AAPL,QUOTE,0.0,0,273.01,273.2
1766192348701189100,AAPL,TRADE,273.01,115,0.0,0.0
1766192348701223815,AAPL,TRADE,273.01,20,0.0,0.0
1766192348701227037,AAPL,TRADE,273.01,15,0.0,0.0
1766192348701594512,AAPL,QUOTE,0.0,0,273.01,273.2
1766192348701596446,AAPL,TRADE,273.01,522,0.0,0.0
1766192348716193078,AAPL,TRADE,273.0147,1,0.0,0.0
1766192348716232261,AAPL,TRADE,273.0147,1,0.0,0.0
1766192348717211283,AAPL,TRADE,273.0147,1,0.0,0.0
1766192348717506285,AAPL,TRADE,273.0147,1,0.0,0.0
1766192348717662434,AAPL,TRADE,273.0147,1,0.0,0.0
1766192351227152261,AAPL,QUOTE,0.0,0,272.97,273.2
1766192352707084704,AAPL,QUOTE,0.0,0,273.0,273.2
1766192354689093259,AAPL,TRADE,273.0116,58,0.0,0.0
1766192356031559968,AAPL,QUOTE,0.0,0,273.0,273.2
1766192360464570311,AAPL,TRADE,273.05,15,0.0,0.0
1766192363723638381,AAPL,TRADE,273.05,3,0.0,0.0
1766192366037859681,AAPL,TRADE,273.05,6,0.0,0.0
1766192370451795668,AAPL,TRADE,273.1,1,0.0,0.0
1766192374522320729,AAPL,TRADE,273.2,30,0.0,0.0
1766192377744268510,AAPL,TRADE,273.1,1,0.0,0.0
1766192377744270586,AAPL,TRADE,273.1,1,0.0,0.0
1766192377744296497,AAPL,TRADE,273.1,57,0.0,0.0
1766192377744840208,AAPL,TRADE,273.05,57,0.0,0.0
1766192381707617340,AAPL,QUOTE,0.0,0,273.09,273.2
1766192383689469613,AAPL,TRADE,273.1014,3,0.0,0.0
1766192385068686039,AAPL,QUOTE,0.0,0,273.0,273.2
1766192385069795829,AAPL,QUOTE,0.0,0,273.09,273.2
1766192387226169108,AAPL,QUOTE,0.0,0,273.0,273.2
1766192387231415188,AAPL,QUOTE,0.0,0,273.1,273.2
1766192389638151127,AAPL,TRADE,273.14,10,0.0,0.0
1766192389638151417,AAPL,QUOTE,0.0,0,273.0,273.2
1766192389638154037,AAPL,TRADE,273.14,10,0.0,0.0
1766192389638154495,AAPL,TRADE,273.14,10,0.0,0.0
1766192389638158954,AAPL,TRADE,273.14,5,0.0,0.0
1766192389638247118,AAPL,TRADE,273.11,10,0.0,0.0
1766192389638249049,AAPL,TRADE,273.07,10,0.0,0.0
1766192389638249103,AAPL,TRADE,273.04,10,0.0,0.0
1766192389638249910,AAPL,QUOTE,0.0,0,273.0,273.2
1766192389638250343,AAPL,TRADE,273.0,15,0.0,0.0
1766192389638253629,AAPL,TRADE,273.0,50,0.0,0.0
1766192389638309223,AAPL,TRADE,273.1,71,0.0,0.0
1766192389639037798,AAPL,TRADE,273.0,35,0.0,0.0
1766192391432064645,AAPL,TRADE,273.14,2,0.0,0.0
